"Path","FileVersion","Product","Company","Bytes"
"Runtime\Backends\llama.cpp\b9442\win-cuda-12.4-x64\cublas64_12.dll","6,14,11,1245","NVIDIA CUDA BLAS Library","NVIDIA Corporation","100033536"
"Runtime\Backends\llama.cpp\b9442\win-cuda-12.4-x64\cublasLt64_12.dll","6,14,11,1245","NVIDIA CUDA BLAS Library","NVIDIA Corporation","473551360"
"Runtime\Backends\llama.cpp\b9442\win-cuda-12.4-x64\cudart64_12.dll","6,14,11,12040","NVIDIA CUDA 12.4.127 Runtime","NVIDIA Corporation","553984"
"Runtime\Backends\llama.cpp\b9442\win-cuda-12.4-x64\ggml-base.dll",,,,"799744"
"Runtime\Backends\llama.cpp\b9442\win-cuda-12.4-x64\ggml-cpu-alderlake.dll",,,,"1137664"
"Runtime\Backends\llama.cpp\b9442\win-cuda-12.4-x64\ggml-cpu-cannonlake.dll",,,,"1376768"
"Runtime\Backends\llama.cpp\b9442\win-cuda-12.4-x64\ggml-cpu-cascadelake.dll",,,,"1362432"
"Runtime\Backends\llama.cpp\b9442\win-cuda-12.4-x64\ggml-cpu-cooperlake.dll",,,,"1363456"
"Runtime\Backends\llama.cpp\b9442\win-cuda-12.4-x64\ggml-cpu-haswell.dll",,,,"1142784"
"Runtime\Backends\llama.cpp\b9442\win-cuda-12.4-x64\ggml-cpu-icelake.dll",,,,"1370112"
"Runtime\Backends\llama.cpp\b9442\win-cuda-12.4-x64\ggml-cpu-ivybridge.dll",,,,"1036800"
"Runtime\Backends\llama.cpp\b9442\win-cuda-12.4-x64\ggml-cpu-piledriver.dll",,,,"1039360"
"Runtime\Backends\llama.cpp\b9442\win-cuda-12.4-x64\ggml-cpu-sandybridge.dll",,,,"1016832"
"Runtime\Backends\llama.cpp\b9442\win-cuda-12.4-x64\ggml-cpu-sapphirerapids.dll",,,,"1638400"
"Runtime\Backends\llama.cpp\b9442\win-cuda-12.4-x64\ggml-cpu-skylakex.dll",,,,"1369600"
"Runtime\Backends\llama.cpp\b9442\win-cuda-12.4-x64\ggml-cpu-sse42.dll",,,,"857088"
"Runtime\Backends\llama.cpp\b9442\win-cuda-12.4-x64\ggml-cpu-x64.dll",,,,"848384"
"Runtime\Backends\llama.cpp\b9442\win-cuda-12.4-x64\ggml-cpu-zen4.dll",,,,"1370112"
"Runtime\Backends\llama.cpp\b9442\win-cuda-12.4-x64\ggml-cuda.dll",,,,"564613632"
"Runtime\Backends\llama.cpp\b9442\win-cuda-12.4-x64\ggml-rpc.dll",,,,"149504"
"Runtime\Backends\llama.cpp\b9442\win-cuda-12.4-x64\ggml.dll",,,,"96768"
"Runtime\Backends\llama.cpp\b9442\win-cuda-12.4-x64\libomp140.x86_64.dll","20140926","LLVM* OpenMP* Runtime Library","LLVM","634936"
"Runtime\Backends\llama.cpp\b9442\win-cuda-12.4-x64\llama-batched-bench-impl.dll",,,,"69120"
"Runtime\Backends\llama.cpp\b9442\win-cuda-12.4-x64\llama-batched-bench.exe",,,,"9728"
"Runtime\Backends\llama.cpp\b9442\win-cuda-12.4-x64\llama-bench-impl.dll",,,,"392704"
"Runtime\Backends\llama.cpp\b9442\win-cuda-12.4-x64\llama-bench.exe",,,,"9728"
"Runtime\Backends\llama.cpp\b9442\win-cuda-12.4-x64\llama-cli-impl.dll",,,,"2633216"
"Runtime\Backends\llama.cpp\b9442\win-cuda-12.4-x64\llama-cli.exe",,,,"9728"
"Runtime\Backends\llama.cpp\b9442\win-cuda-12.4-x64\llama-common.dll",,,,"8074240"
"Runtime\Backends\llama.cpp\b9442\win-cuda-12.4-x64\llama-completion-impl.dll",,,,"146432"
"Runtime\Backends\llama.cpp\b9442\win-cuda-12.4-x64\llama-completion.exe",,,,"9728"
"Runtime\Backends\llama.cpp\b9442\win-cuda-12.4-x64\llama-fit-params-impl.dll",,,,"46080"
"Runtime\Backends\llama.cpp\b9442\win-cuda-12.4-x64\llama-fit-params.exe",,,,"9728"
"Runtime\Backends\llama.cpp\b9442\win-cuda-12.4-x64\llama-gemma3-cli.exe",,,,"27648"
"Runtime\Backends\llama.cpp\b9442\win-cuda-12.4-x64\llama-gguf-split.exe",,,,"64000"
"Runtime\Backends\llama.cpp\b9442\win-cuda-12.4-x64\llama-imatrix.exe",,,,"273408"
"Runtime\Backends\llama.cpp\b9442\win-cuda-12.4-x64\llama-llava-cli.exe",,,,"27648"
"Runtime\Backends\llama.cpp\b9442\win-cuda-12.4-x64\llama-minicpmv-cli.exe",,,,"27648"
"Runtime\Backends\llama.cpp\b9442\win-cuda-12.4-x64\llama-mtmd-cli.exe",,,,"91648"
"Runtime\Backends\llama.cpp\b9442\win-cuda-12.4-x64\llama-mtmd-debug.exe",,,,"64000"
"Runtime\Backends\llama.cpp\b9442\win-cuda-12.4-x64\llama-perplexity-impl.dll",,,,"225792"
"Runtime\Backends\llama.cpp\b9442\win-cuda-12.4-x64\llama-perplexity.exe",,,,"9728"
"Runtime\Backends\llama.cpp\b9442\win-cuda-12.4-x64\llama-quantize-impl.dll",,,,"163328"
"Runtime\Backends\llama.cpp\b9442\win-cuda-12.4-x64\llama-quantize.exe",,,,"9728"
"Runtime\Backends\llama.cpp\b9442\win-cuda-12.4-x64\llama-qwen2vl-cli.exe",,,,"27648"
"Runtime\Backends\llama.cpp\b9442\win-cuda-12.4-x64\llama-results.exe",,,,"52736"
"Runtime\Backends\llama.cpp\b9442\win-cuda-12.4-x64\llama-server-impl.dll",,,,"12365312"
"Runtime\Backends\llama.cpp\b9442\win-cuda-12.4-x64\llama-server.exe",,,,"9728"
"Runtime\Backends\llama.cpp\b9442\win-cuda-12.4-x64\llama-template-analysis.exe",,,,"290816"
"Runtime\Backends\llama.cpp\b9442\win-cuda-12.4-x64\llama-tokenize.exe",,,,"48128"
"Runtime\Backends\llama.cpp\b9442\win-cuda-12.4-x64\llama-tts.exe",,,,"351232"
"Runtime\Backends\llama.cpp\b9442\win-cuda-12.4-x64\llama.dll",,,,"2573312"
"Runtime\Backends\llama.cpp\b9442\win-cuda-12.4-x64\llama.exe",,,,"45056"
"Runtime\Backends\llama.cpp\b9442\win-cuda-12.4-x64\mtmd.dll",,,,"1290752"
"Runtime\Backends\llama.cpp\b9442\win-cuda-12.4-x64\rpc-server.exe",,,,"103424"
"Runtime\Backends\chatllm.cpp\v24\win-x64\ggml-base.dll",,,,"567296"
"Runtime\Backends\chatllm.cpp\v24\win-x64\ggml-cpu-alderlake.dll",,,,"893952"
"Runtime\Backends\chatllm.cpp\v24\win-x64\ggml-cpu-cannonlake.dll",,,,"1004544"
"Runtime\Backends\chatllm.cpp\v24\win-x64\ggml-cpu-cascadelake.dll",,,,"1001472"
"Runtime\Backends\chatllm.cpp\v24\win-x64\ggml-cpu-haswell.dll",,,,"896000"
"Runtime\Backends\chatllm.cpp\v24\win-x64\ggml-cpu-icelake.dll",,,,"1001472"
"Runtime\Backends\chatllm.cpp\v24\win-x64\ggml-cpu-sandybridge.dll",,,,"857600"
"Runtime\Backends\chatllm.cpp\v24\win-x64\ggml-cpu-skylakex.dll",,,,"1004544"
"Runtime\Backends\chatllm.cpp\v24\win-x64\ggml-cpu-sse42.dll",,,,"760832"
"Runtime\Backends\chatllm.cpp\v24\win-x64\ggml-cpu-x64.dll",,,,"764928"
"Runtime\Backends\chatllm.cpp\v24\win-x64\ggml-rpc.dll",,,,"117760"
"Runtime\Backends\chatllm.cpp\v24\win-x64\ggml-vulkan.dll",,,,"56728064"
"Runtime\Backends\chatllm.cpp\v24\win-x64\ggml.dll",,,,"67584"
"Runtime\Backends\chatllm.cpp\v24\win-x64\libchatllm.dll",,,,"4057088"
"Runtime\Backends\chatllm.cpp\v24\win-x64\libcrypto-1_1-x64.dll","1.1.1k","The OpenSSL Toolkit","The OpenSSL Project, https://www.openssl.org/","2815560"
"Runtime\Backends\chatllm.cpp\v24\win-x64\libssl-1_1-x64.dll","1.1.1k","The OpenSSL Toolkit","The OpenSSL Project, https://www.openssl.org/","549960"
"Runtime\Backends\chatllm.cpp\v24\win-x64\LICENSE-chatllm.txt",,,,"1083"
"Runtime\Backends\chatllm.cpp\v24\win-x64\main.exe",,,,"4081664"
"Runtime\Backends\chatllm.cpp\v24\win-x64\main_nim.exe",,,,"1143940"
"Runtime\Backends\chatllm.cpp\v24\win-x64\server.exe",,,,"3712439"
"Runtime\Backends\chatllm.cpp\v24\win-x64\vulkan-1.dll","1.4.304.0","Vulkan Runtime","","1567000"
"Runtime\Backends\chatllm.cpp\v24\win-x64\imagemagick\compare.exe","7.1.2-30","ImageMagick","ImageMagick Studio","31202480"
"Runtime\Backends\chatllm.cpp\v24\win-x64\imagemagick\composite.exe","7.1.2-30","ImageMagick","ImageMagick Studio","31202480"
"Runtime\Backends\chatllm.cpp\v24\win-x64\imagemagick\conjure.exe","7.1.2-30","ImageMagick","ImageMagick Studio","31202480"
"Runtime\Backends\chatllm.cpp\v24\win-x64\imagemagick\identify.exe","7.1.2-30","ImageMagick","ImageMagick Studio","31202480"
"Runtime\Backends\chatllm.cpp\v24\win-x64\imagemagick\LICENSE.txt",,,,"12663"
"Runtime\Backends\chatllm.cpp\v24\win-x64\imagemagick\magick.exe","7.1.2-30","ImageMagick","ImageMagick Studio","31202480"
"Runtime\Backends\chatllm.cpp\v24\win-x64\imagemagick\mogrify.exe","7.1.2-30","ImageMagick","ImageMagick Studio","31202480"
"Runtime\Backends\chatllm.cpp\v24\win-x64\imagemagick\montage.exe","7.1.2-30","ImageMagick","ImageMagick Studio","31202480"
"Runtime\Backends\chatllm.cpp\v24\win-x64\imagemagick\NOTICE.txt",,,,"426299"
"Runtime\Backends\chatllm.cpp\v24\win-x64\imagemagick\stream.exe","7.1.2-30","ImageMagick","ImageMagick Studio","31202480"
